name,email,year,month,day
RasmiRanjan Biswal,rasmiranjan_b@apollohospitals.com,1990,10,05
RashmiRanjan Biswal,rashmiranjan.hbk@hotmail.com,1990,10,05
Rinku Biswal,rinkubiswal.hbk@gmail.com,1990,10,05
RashmiRanjan Biswal,rashmiranjan.hbk@gmail.com,1990,10,05
RasmiRanjan Biswal,rasmiranjan_b@apollohospitals.com,1990,10,06
RashmiRanjan Biswal,rashmiranjan.hbk@hotmail.com,1990,10,06
Rinku Biswal,rinkubiswal.hbk@gmail.com,1990,10,06
RashmiRanjan Biswal,rashmiranjan.hbk@gmail.com,1990,10,06
RasmiRanjan Biswal,rasmiranjan_b@apollohospitals.com,1990,10,07
RashmiRanjan Biswal,rashmiranjan.hbk@hotmail.com,1990,10,07
Rinku Biswal,rinkubiswal.hbk@gmail.com,1990,10,07
RashmiRanjan Biswal,rashmiranjan.hbk@gmail.com,1990,10,07
RasmiRanjan Biswal,rasmiranjan_b@apollohospitals.com,1990,10,08
RashmiRanjan Biswal,rashmiranjan.hbk@hotmail.com,1990,10,08
Rinku Biswal,rinkubiswal.hbk@gmail.com,1990,10,08
RashmiRanjan Biswal,rashmiranjan.hbk@gmail.com,1990,10,08
RasmiRanjan Biswal,rasmiranjan_b@apollohospitals.com,1990,10,09
RashmiRanjan Biswal,rashmiranjan.hbk@hotmail.com,1990,10,09
Rinku Biswal,rinkubiswal.hbk@gmail.com,1990,10,09
RashmiRanjan Biswal,rashmiranjan.hbk@gmail.com,1990,10,09